,NEW ONE!
,Here is some text
,Another Option
,Hereâ€™s some stupid stuff too
,And this!
,Look here!
,Look here!
,I am adding more lines
,And more text!
,To give the sense of how easy this will be
,Once I get started.
,Now for a big one, what happens with LOTS OF TEXT: Here is some text here is some text here is some text here is some text here is some text Here is some text here is some text here is some text here is some text here is some text Here is some text here is some text here is some text here is some text here is some text Here is some text here is some text here is some text here is some text here is some text Here is some text here is some text here is some text here is some text here is some text Here is some text here is some text here is some text here is some text here is some text Here is some text here is some text here is some text here is some text here is some text Here is some text here is some text here is some text here is some text here is some text Here is some text here is some text here is some text here is some text here is some text Here is some text here is some text here is some text here is some text here is some text Here is some text here is some text here is some text here is some text here is some text Here is some text here is some text here is some text here is some text here is some text Here is some text here is some text here is some text here is some text here is some text Here is some text here is some text here is some text here is some text here is some text Here is some text here is some text here is some text here is some text here is some text Here is some text here is some text here is some text here is some text here is some text Here is some text here is some text here is some text here is some text here is some text Here is some text here is some text here is some text here is some text here is some text Here is some text here is some text here is some text here is some text here is some text Here is some text here is some text here is some text here is some text here is some text Here is some text here is some text here is some text here is some text here is some text  
